user_address,role_id,target_address,function_sig,function_name
0x0792dCb7080466e4Bbc678Bdb873FE7D969832B8,7,0x76fda7A02B616070D3eC5902Fa3C5683AC3cB8B6,0x244b0f6a,"manageVaultWithMerkleVerification(bytes32[][],address[],address[],bytes[],uint256[])"
0xB77d74f032CfE55190325474E061052685CEccc0,8,0x358CFACf00d0B4634849821BB3d1965b472c776a,0xca5eb5e1,setDelegate(address)
0xB77d74f032CfE55190325474E061052685CEccc0,8,0xE41A255A37C7d5d30a2A20D58f4ecE149b346a61,0xf2fde38b,transferOwnership(address)
0xB77d74f032CfE55190325474E061052685CEccc0,8,0xE41A255A37C7d5d30a2A20D58f4ecE149b346a61,0x7a9e5e4b,setAuthority(address)
0xB77d74f032CfE55190325474E061052685CEccc0,8,0x3754480db8b3E607fbE125697EB496a44A1Be720,0x7a9e5e4b,setAuthority(address)
0xB77d74f032CfE55190325474E061052685CEccc0,8,0x3754480db8b3E607fbE125697EB496a44A1Be720,0xf2fde38b,transferOwnership(address)
0xB77d74f032CfE55190325474E061052685CEccc0,8,0x3754480db8b3E607fbE125697EB496a44A1Be720,0x0bf6cab7,rescueTokens (0x0bf6cab7)
0xB77d74f032CfE55190325474E061052685CEccc0,8,0x358CFACf00d0B4634849821BB3d1965b472c776a,0x1568fc58,"setChainGasLimit(uint32,uint128)"
0xB77d74f032CfE55190325474E061052685CEccc0,8,0x358CFACf00d0B4634849821BB3d1965b472c776a,0x202eac57,"allowMessagesFromChain(uint32,address)"
0xB77d74f032CfE55190325474E061052685CEccc0,8,0x358CFACf00d0B4634849821BB3d1965b472c776a,0x34dafd6b,"addChain(uint32,bool,bool,address,uint128)"
0xB77d74f032CfE55190325474E061052685CEccc0,8,0x358CFACf00d0B4634849821BB3d1965b472c776a,0xb5ba6182,"allowMessagesToChain(uint32,address,uint128)"
0xB77d74f032CfE55190325474E061052685CEccc0,8,0x358CFACf00d0B4634849821BB3d1965b472c776a,0x7a9e5e4b,setAuthority(address)
0xB77d74f032CfE55190325474E061052685CEccc0,8,0x358CFACf00d0B4634849821BB3d1965b472c776a,0xf2fde38b,transferOwnership(address)
0xB77d74f032CfE55190325474E061052685CEccc0,8,0x358CFACf00d0B4634849821BB3d1965b472c776a,0x12056e2d,setShareLockPeriod(uint64)
0xB77d74f032CfE55190325474E061052685CEccc0,8,0x358CFACf00d0B4634849821BB3d1965b472c776a,0x8dfd8ba1,"updateAssetData(address,bool,bool,uint16)"
0xB77d74f032CfE55190325474E061052685CEccc0,8,0xA76E0F54918E39A63904b51F688513043242a0BE,0xafb06952,updatePlatformFee(uint16)
0xB77d74f032CfE55190325474E061052685CEccc0,8,0xA76E0F54918E39A63904b51F688513043242a0BE,0x4d8be07e,"setRateProviderData(address,bool,address)"
0xB77d74f032CfE55190325474E061052685CEccc0,8,0xA76E0F54918E39A63904b51F688513043242a0BE,0x6a054dc9,updateDelay(uint24)
0xB77d74f032CfE55190325474E061052685CEccc0,8,0xA76E0F54918E39A63904b51F688513043242a0BE,0xf2fde38b,transferOwnership(address)
0xB77d74f032CfE55190325474E061052685CEccc0,8,0xA76E0F54918E39A63904b51F688513043242a0BE,0x709ac1c3,updatePerformanceFee(uint16)
0xB77d74f032CfE55190325474E061052685CEccc0,8,0xA76E0F54918E39A63904b51F688513043242a0BE,0x56200819,updatePayoutAddress(address)
0xB77d74f032CfE55190325474E061052685CEccc0,8,0xA76E0F54918E39A63904b51F688513043242a0BE,0x7a9e5e4b,setAuthority(address)
0xB77d74f032CfE55190325474E061052685CEccc0,8,0xA76E0F54918E39A63904b51F688513043242a0BE,0x207ec0e7,updateLower(uint16)
0xB77d74f032CfE55190325474E061052685CEccc0,8,0xA76E0F54918E39A63904b51F688513043242a0BE,0x634da58f,updateUpper(uint16)
0xB77d74f032CfE55190325474E061052685CEccc0,8,0xA76E0F54918E39A63904b51F688513043242a0BE,0x3038a60d,setYieldDistributor(address)
0xB77d74f032CfE55190325474E061052685CEccc0,8,0xd3DCe716f3eF535C5Ff8d041c1A41C3bd89b97aE,0x8929565f,setBeforeTransferHook(address)
0xB77d74f032CfE55190325474E061052685CEccc0,8,0x76fda7A02B616070D3eC5902Fa3C5683AC3cB8B6,0x7a9e5e4b,setAuthority(address)
0xB77d74f032CfE55190325474E061052685CEccc0,8,0x76fda7A02B616070D3eC5902Fa3C5683AC3cB8B6,0x21801a99,"setManageRoot(address,bytes32)"
0xB77d74f032CfE55190325474E061052685CEccc0,8,0x76fda7A02B616070D3eC5902Fa3C5683AC3cB8B6,0xf2fde38b,transferOwnership(address)
0xB77d74f032CfE55190325474E061052685CEccc0,8,0xd3DCe716f3eF535C5Ff8d041c1A41C3bd89b97aE,0x7a9e5e4b,setAuthority(address)
0xB77d74f032CfE55190325474E061052685CEccc0,8,0xd3DCe716f3eF535C5Ff8d041c1A41C3bd89b97aE,0xf2fde38b,transferOwnership(address)
0xFb6ec7CCBd77a42922a35D22A94fdF7fd54EE4BC,8,0x358CFACf00d0B4634849821BB3d1965b472c776a,0xca5eb5e1,setDelegate(address)
0xFb6ec7CCBd77a42922a35D22A94fdF7fd54EE4BC,8,0xE41A255A37C7d5d30a2A20D58f4ecE149b346a61,0xf2fde38b,transferOwnership(address)
0xFb6ec7CCBd77a42922a35D22A94fdF7fd54EE4BC,8,0xE41A255A37C7d5d30a2A20D58f4ecE149b346a61,0x7a9e5e4b,setAuthority(address)
0xFb6ec7CCBd77a42922a35D22A94fdF7fd54EE4BC,8,0x3754480db8b3E607fbE125697EB496a44A1Be720,0x7a9e5e4b,setAuthority(address)
0xFb6ec7CCBd77a42922a35D22A94fdF7fd54EE4BC,8,0x3754480db8b3E607fbE125697EB496a44A1Be720,0xf2fde38b,transferOwnership(address)
0xFb6ec7CCBd77a42922a35D22A94fdF7fd54EE4BC,8,0x3754480db8b3E607fbE125697EB496a44A1Be720,0x0bf6cab7,rescueTokens (0x0bf6cab7)
0xFb6ec7CCBd77a42922a35D22A94fdF7fd54EE4BC,8,0x358CFACf00d0B4634849821BB3d1965b472c776a,0x1568fc58,"setChainGasLimit(uint32,uint128)"
0xFb6ec7CCBd77a42922a35D22A94fdF7fd54EE4BC,8,0x358CFACf00d0B4634849821BB3d1965b472c776a,0x202eac57,"allowMessagesFromChain(uint32,address)"
0xFb6ec7CCBd77a42922a35D22A94fdF7fd54EE4BC,8,0x358CFACf00d0B4634849821BB3d1965b472c776a,0x34dafd6b,"addChain(uint32,bool,bool,address,uint128)"
0xFb6ec7CCBd77a42922a35D22A94fdF7fd54EE4BC,8,0x358CFACf00d0B4634849821BB3d1965b472c776a,0xb5ba6182,"allowMessagesToChain(uint32,address,uint128)"
0xFb6ec7CCBd77a42922a35D22A94fdF7fd54EE4BC,8,0x358CFACf00d0B4634849821BB3d1965b472c776a,0x7a9e5e4b,setAuthority(address)
0xFb6ec7CCBd77a42922a35D22A94fdF7fd54EE4BC,8,0x358CFACf00d0B4634849821BB3d1965b472c776a,0xf2fde38b,transferOwnership(address)
0xFb6ec7CCBd77a42922a35D22A94fdF7fd54EE4BC,8,0x358CFACf00d0B4634849821BB3d1965b472c776a,0x12056e2d,setShareLockPeriod(uint64)
0xFb6ec7CCBd77a42922a35D22A94fdF7fd54EE4BC,8,0x358CFACf00d0B4634849821BB3d1965b472c776a,0x8dfd8ba1,"updateAssetData(address,bool,bool,uint16)"
0xFb6ec7CCBd77a42922a35D22A94fdF7fd54EE4BC,8,0xA76E0F54918E39A63904b51F688513043242a0BE,0xafb06952,updatePlatformFee(uint16)
0xFb6ec7CCBd77a42922a35D22A94fdF7fd54EE4BC,8,0xA76E0F54918E39A63904b51F688513043242a0BE,0x4d8be07e,"setRateProviderData(address,bool,address)"
0xFb6ec7CCBd77a42922a35D22A94fdF7fd54EE4BC,8,0xA76E0F54918E39A63904b51F688513043242a0BE,0x6a054dc9,updateDelay(uint24)
0xFb6ec7CCBd77a42922a35D22A94fdF7fd54EE4BC,8,0xA76E0F54918E39A63904b51F688513043242a0BE,0xf2fde38b,transferOwnership(address)
0xFb6ec7CCBd77a42922a35D22A94fdF7fd54EE4BC,8,0xA76E0F54918E39A63904b51F688513043242a0BE,0x709ac1c3,updatePerformanceFee(uint16)
0xFb6ec7CCBd77a42922a35D22A94fdF7fd54EE4BC,8,0xA76E0F54918E39A63904b51F688513043242a0BE,0x56200819,updatePayoutAddress(address)
0xFb6ec7CCBd77a42922a35D22A94fdF7fd54EE4BC,8,0xA76E0F54918E39A63904b51F688513043242a0BE,0x7a9e5e4b,setAuthority(address)
0xFb6ec7CCBd77a42922a35D22A94fdF7fd54EE4BC,8,0xA76E0F54918E39A63904b51F688513043242a0BE,0x207ec0e7,updateLower(uint16)
0xFb6ec7CCBd77a42922a35D22A94fdF7fd54EE4BC,8,0xA76E0F54918E39A63904b51F688513043242a0BE,0x634da58f,updateUpper(uint16)
0xFb6ec7CCBd77a42922a35D22A94fdF7fd54EE4BC,8,0xA76E0F54918E39A63904b51F688513043242a0BE,0x3038a60d,setYieldDistributor(address)
0xFb6ec7CCBd77a42922a35D22A94fdF7fd54EE4BC,8,0xd3DCe716f3eF535C5Ff8d041c1A41C3bd89b97aE,0x8929565f,setBeforeTransferHook(address)
0xFb6ec7CCBd77a42922a35D22A94fdF7fd54EE4BC,8,0x76fda7A02B616070D3eC5902Fa3C5683AC3cB8B6,0x7a9e5e4b,setAuthority(address)
0xFb6ec7CCBd77a42922a35D22A94fdF7fd54EE4BC,8,0x76fda7A02B616070D3eC5902Fa3C5683AC3cB8B6,0x21801a99,"setManageRoot(address,bytes32)"
0xFb6ec7CCBd77a42922a35D22A94fdF7fd54EE4BC,8,0x76fda7A02B616070D3eC5902Fa3C5683AC3cB8B6,0xf2fde38b,transferOwnership(address)
0xFb6ec7CCBd77a42922a35D22A94fdF7fd54EE4BC,8,0xd3DCe716f3eF535C5Ff8d041c1A41C3bd89b97aE,0x7a9e5e4b,setAuthority(address)
0xFb6ec7CCBd77a42922a35D22A94fdF7fd54EE4BC,8,0xd3DCe716f3eF535C5Ff8d041c1A41C3bd89b97aE,0xf2fde38b,transferOwnership(address)
0xf8553c8552f906C19286F21711721E206EE4909E,8,0x358CFACf00d0B4634849821BB3d1965b472c776a,0xca5eb5e1,setDelegate(address)
0xf8553c8552f906C19286F21711721E206EE4909E,8,0xE41A255A37C7d5d30a2A20D58f4ecE149b346a61,0xf2fde38b,transferOwnership(address)
0xf8553c8552f906C19286F21711721E206EE4909E,8,0xE41A255A37C7d5d30a2A20D58f4ecE149b346a61,0x7a9e5e4b,setAuthority(address)
0xf8553c8552f906C19286F21711721E206EE4909E,8,0x3754480db8b3E607fbE125697EB496a44A1Be720,0x7a9e5e4b,setAuthority(address)
0xf8553c8552f906C19286F21711721E206EE4909E,8,0x3754480db8b3E607fbE125697EB496a44A1Be720,0xf2fde38b,transferOwnership(address)
0xf8553c8552f906C19286F21711721E206EE4909E,8,0x3754480db8b3E607fbE125697EB496a44A1Be720,0x0bf6cab7,rescueTokens (0x0bf6cab7)
0xf8553c8552f906C19286F21711721E206EE4909E,8,0x358CFACf00d0B4634849821BB3d1965b472c776a,0x1568fc58,"setChainGasLimit(uint32,uint128)"
0xf8553c8552f906C19286F21711721E206EE4909E,8,0x358CFACf00d0B4634849821BB3d1965b472c776a,0x202eac57,"allowMessagesFromChain(uint32,address)"
0xf8553c8552f906C19286F21711721E206EE4909E,8,0x358CFACf00d0B4634849821BB3d1965b472c776a,0x34dafd6b,"addChain(uint32,bool,bool,address,uint128)"
0xf8553c8552f906C19286F21711721E206EE4909E,8,0x358CFACf00d0B4634849821BB3d1965b472c776a,0xb5ba6182,"allowMessagesToChain(uint32,address,uint128)"
0xf8553c8552f906C19286F21711721E206EE4909E,8,0x358CFACf00d0B4634849821BB3d1965b472c776a,0x7a9e5e4b,setAuthority(address)
0xf8553c8552f906C19286F21711721E206EE4909E,8,0x358CFACf00d0B4634849821BB3d1965b472c776a,0xf2fde38b,transferOwnership(address)
0xf8553c8552f906C19286F21711721E206EE4909E,8,0x358CFACf00d0B4634849821BB3d1965b472c776a,0x12056e2d,setShareLockPeriod(uint64)
0xf8553c8552f906C19286F21711721E206EE4909E,8,0x358CFACf00d0B4634849821BB3d1965b472c776a,0x8dfd8ba1,"updateAssetData(address,bool,bool,uint16)"
0xf8553c8552f906C19286F21711721E206EE4909E,8,0xA76E0F54918E39A63904b51F688513043242a0BE,0xafb06952,updatePlatformFee(uint16)
0xf8553c8552f906C19286F21711721E206EE4909E,8,0xA76E0F54918E39A63904b51F688513043242a0BE,0x4d8be07e,"setRateProviderData(address,bool,address)"
0xf8553c8552f906C19286F21711721E206EE4909E,8,0xA76E0F54918E39A63904b51F688513043242a0BE,0x6a054dc9,updateDelay(uint24)
0xf8553c8552f906C19286F21711721E206EE4909E,8,0xA76E0F54918E39A63904b51F688513043242a0BE,0xf2fde38b,transferOwnership(address)
0xf8553c8552f906C19286F21711721E206EE4909E,8,0xA76E0F54918E39A63904b51F688513043242a0BE,0x709ac1c3,updatePerformanceFee(uint16)
0xf8553c8552f906C19286F21711721E206EE4909E,8,0xA76E0F54918E39A63904b51F688513043242a0BE,0x56200819,updatePayoutAddress(address)
0xf8553c8552f906C19286F21711721E206EE4909E,8,0xA76E0F54918E39A63904b51F688513043242a0BE,0x7a9e5e4b,setAuthority(address)
0xf8553c8552f906C19286F21711721E206EE4909E,8,0xA76E0F54918E39A63904b51F688513043242a0BE,0x207ec0e7,updateLower(uint16)
0xf8553c8552f906C19286F21711721E206EE4909E,8,0xA76E0F54918E39A63904b51F688513043242a0BE,0x634da58f,updateUpper(uint16)
0xf8553c8552f906C19286F21711721E206EE4909E,8,0xA76E0F54918E39A63904b51F688513043242a0BE,0x3038a60d,setYieldDistributor(address)
0xf8553c8552f906C19286F21711721E206EE4909E,8,0xd3DCe716f3eF535C5Ff8d041c1A41C3bd89b97aE,0x8929565f,setBeforeTransferHook(address)
0xf8553c8552f906C19286F21711721E206EE4909E,8,0x76fda7A02B616070D3eC5902Fa3C5683AC3cB8B6,0x7a9e5e4b,setAuthority(address)
0xf8553c8552f906C19286F21711721E206EE4909E,8,0x76fda7A02B616070D3eC5902Fa3C5683AC3cB8B6,0x21801a99,"setManageRoot(address,bytes32)"
0xf8553c8552f906C19286F21711721E206EE4909E,8,0x76fda7A02B616070D3eC5902Fa3C5683AC3cB8B6,0xf2fde38b,transferOwnership(address)
0xf8553c8552f906C19286F21711721E206EE4909E,8,0xd3DCe716f3eF535C5Ff8d041c1A41C3bd89b97aE,0x7a9e5e4b,setAuthority(address)
0xf8553c8552f906C19286F21711721E206EE4909E,8,0xd3DCe716f3eF535C5Ff8d041c1A41C3bd89b97aE,0xf2fde38b,transferOwnership(address)
0xf8553c8552f906C19286F21711721E206EE4909E,8,0x358CFACf00d0B4634849821BB3d1965b472c776a,0xca5eb5e1,setDelegate(address)
0xf8553c8552f906C19286F21711721E206EE4909E,8,0xE41A255A37C7d5d30a2A20D58f4ecE149b346a61,0xf2fde38b,transferOwnership(address)
0xf8553c8552f906C19286F21711721E206EE4909E,8,0xE41A255A37C7d5d30a2A20D58f4ecE149b346a61,0x7a9e5e4b,setAuthority(address)
0xf8553c8552f906C19286F21711721E206EE4909E,8,0x3754480db8b3E607fbE125697EB496a44A1Be720,0x7a9e5e4b,setAuthority(address)
0xf8553c8552f906C19286F21711721E206EE4909E,8,0x3754480db8b3E607fbE125697EB496a44A1Be720,0xf2fde38b,transferOwnership(address)
0xf8553c8552f906C19286F21711721E206EE4909E,8,0x3754480db8b3E607fbE125697EB496a44A1Be720,0x0bf6cab7,rescueTokens (0x0bf6cab7)
0xf8553c8552f906C19286F21711721E206EE4909E,8,0x358CFACf00d0B4634849821BB3d1965b472c776a,0x1568fc58,"setChainGasLimit(uint32,uint128)"
0xf8553c8552f906C19286F21711721E206EE4909E,8,0x358CFACf00d0B4634849821BB3d1965b472c776a,0x202eac57,"allowMessagesFromChain(uint32,address)"
0xf8553c8552f906C19286F21711721E206EE4909E,8,0x358CFACf00d0B4634849821BB3d1965b472c776a,0x34dafd6b,"addChain(uint32,bool,bool,address,uint128)"
0xf8553c8552f906C19286F21711721E206EE4909E,8,0x358CFACf00d0B4634849821BB3d1965b472c776a,0xb5ba6182,"allowMessagesToChain(uint32,address,uint128)"
0xf8553c8552f906C19286F21711721E206EE4909E,8,0x358CFACf00d0B4634849821BB3d1965b472c776a,0x7a9e5e4b,setAuthority(address)
0xf8553c8552f906C19286F21711721E206EE4909E,8,0x358CFACf00d0B4634849821BB3d1965b472c776a,0xf2fde38b,transferOwnership(address)
0xf8553c8552f906C19286F21711721E206EE4909E,8,0x358CFACf00d0B4634849821BB3d1965b472c776a,0x12056e2d,setShareLockPeriod(uint64)
0xf8553c8552f906C19286F21711721E206EE4909E,8,0x358CFACf00d0B4634849821BB3d1965b472c776a,0x8dfd8ba1,"updateAssetData(address,bool,bool,uint16)"
0xf8553c8552f906C19286F21711721E206EE4909E,8,0xA76E0F54918E39A63904b51F688513043242a0BE,0xafb06952,updatePlatformFee(uint16)
0xf8553c8552f906C19286F21711721E206EE4909E,8,0xA76E0F54918E39A63904b51F688513043242a0BE,0x4d8be07e,"setRateProviderData(address,bool,address)"
0xf8553c8552f906C19286F21711721E206EE4909E,8,0xA76E0F54918E39A63904b51F688513043242a0BE,0x6a054dc9,updateDelay(uint24)
0xf8553c8552f906C19286F21711721E206EE4909E,8,0xA76E0F54918E39A63904b51F688513043242a0BE,0xf2fde38b,transferOwnership(address)
0xf8553c8552f906C19286F21711721E206EE4909E,8,0xA76E0F54918E39A63904b51F688513043242a0BE,0x709ac1c3,updatePerformanceFee(uint16)
0xf8553c8552f906C19286F21711721E206EE4909E,8,0xA76E0F54918E39A63904b51F688513043242a0BE,0x56200819,updatePayoutAddress(address)
0xf8553c8552f906C19286F21711721E206EE4909E,8,0xA76E0F54918E39A63904b51F688513043242a0BE,0x7a9e5e4b,setAuthority(address)
0xf8553c8552f906C19286F21711721E206EE4909E,8,0xA76E0F54918E39A63904b51F688513043242a0BE,0x207ec0e7,updateLower(uint16)
0xf8553c8552f906C19286F21711721E206EE4909E,8,0xA76E0F54918E39A63904b51F688513043242a0BE,0x634da58f,updateUpper(uint16)
0xf8553c8552f906C19286F21711721E206EE4909E,8,0xA76E0F54918E39A63904b51F688513043242a0BE,0x3038a60d,setYieldDistributor(address)
0xf8553c8552f906C19286F21711721E206EE4909E,8,0xd3DCe716f3eF535C5Ff8d041c1A41C3bd89b97aE,0x8929565f,setBeforeTransferHook(address)
0xf8553c8552f906C19286F21711721E206EE4909E,8,0x76fda7A02B616070D3eC5902Fa3C5683AC3cB8B6,0x7a9e5e4b,setAuthority(address)
0xf8553c8552f906C19286F21711721E206EE4909E,8,0x76fda7A02B616070D3eC5902Fa3C5683AC3cB8B6,0x21801a99,"setManageRoot(address,bytes32)"
0xf8553c8552f906C19286F21711721E206EE4909E,8,0x76fda7A02B616070D3eC5902Fa3C5683AC3cB8B6,0xf2fde38b,transferOwnership(address)
0xf8553c8552f906C19286F21711721E206EE4909E,8,0xd3DCe716f3eF535C5Ff8d041c1A41C3bd89b97aE,0x7a9e5e4b,setAuthority(address)
0xf8553c8552f906C19286F21711721E206EE4909E,8,0xd3DCe716f3eF535C5Ff8d041c1A41C3bd89b97aE,0xf2fde38b,transferOwnership(address)
0xf8553c8552f906C19286F21711721E206EE4909E,9,0x3754480db8b3E607fbE125697EB496a44A1Be720,0xeed4b3f8,"updateWithdrawAsset(address,uint24,uint24,uint16,uint16,uint96)"
0xf8553c8552f906C19286F21711721E206EE4909E,9,0x3754480db8b3E607fbE125697EB496a44A1Be720,0x74732728,stopWithdrawsInAsset(address)
0xf8553c8552f906C19286F21711721E206EE4909E,9,0x358CFACf00d0B4634849821BB3d1965b472c776a,0x55a2d64d,removeChain(uint32)
0xf8553c8552f906C19286F21711721E206EE4909E,9,0x358CFACf00d0B4634849821BB3d1965b472c776a,0xd555f368,stopMessagesFromChain(uint32)
0xf8553c8552f906C19286F21711721E206EE4909E,9,0x358CFACf00d0B4634849821BB3d1965b472c776a,0x45ad6063,stopMessagesToChain(uint32)
0xf8553c8552f906C19286F21711721E206EE4909E,8,0x358CFACf00d0B4634849821BB3d1965b472c776a,0xca5eb5e1,setDelegate(address)
0xf8553c8552f906C19286F21711721E206EE4909E,8,0xE41A255A37C7d5d30a2A20D58f4ecE149b346a61,0xf2fde38b,transferOwnership(address)
0xf8553c8552f906C19286F21711721E206EE4909E,8,0xE41A255A37C7d5d30a2A20D58f4ecE149b346a61,0x7a9e5e4b,setAuthority(address)
0xf8553c8552f906C19286F21711721E206EE4909E,8,0x3754480db8b3E607fbE125697EB496a44A1Be720,0x7a9e5e4b,setAuthority(address)
0xf8553c8552f906C19286F21711721E206EE4909E,8,0x3754480db8b3E607fbE125697EB496a44A1Be720,0xf2fde38b,transferOwnership(address)
0xf8553c8552f906C19286F21711721E206EE4909E,8,0x3754480db8b3E607fbE125697EB496a44A1Be720,0x0bf6cab7,rescueTokens (0x0bf6cab7)
0xf8553c8552f906C19286F21711721E206EE4909E,8,0x358CFACf00d0B4634849821BB3d1965b472c776a,0x1568fc58,"setChainGasLimit(uint32,uint128)"
0xf8553c8552f906C19286F21711721E206EE4909E,8,0x358CFACf00d0B4634849821BB3d1965b472c776a,0x202eac57,"allowMessagesFromChain(uint32,address)"
0xf8553c8552f906C19286F21711721E206EE4909E,8,0x358CFACf00d0B4634849821BB3d1965b472c776a,0x34dafd6b,"addChain(uint32,bool,bool,address,uint128)"
0xf8553c8552f906C19286F21711721E206EE4909E,8,0x358CFACf00d0B4634849821BB3d1965b472c776a,0xb5ba6182,"allowMessagesToChain(uint32,address,uint128)"
0xf8553c8552f906C19286F21711721E206EE4909E,8,0x358CFACf00d0B4634849821BB3d1965b472c776a,0x7a9e5e4b,setAuthority(address)
0xf8553c8552f906C19286F21711721E206EE4909E,8,0x358CFACf00d0B4634849821BB3d1965b472c776a,0xf2fde38b,transferOwnership(address)
0xf8553c8552f906C19286F21711721E206EE4909E,8,0x358CFACf00d0B4634849821BB3d1965b472c776a,0x12056e2d,setShareLockPeriod(uint64)
0xf8553c8552f906C19286F21711721E206EE4909E,8,0x358CFACf00d0B4634849821BB3d1965b472c776a,0x8dfd8ba1,"updateAssetData(address,bool,bool,uint16)"
0xf8553c8552f906C19286F21711721E206EE4909E,8,0xA76E0F54918E39A63904b51F688513043242a0BE,0xafb06952,updatePlatformFee(uint16)
0xf8553c8552f906C19286F21711721E206EE4909E,8,0xA76E0F54918E39A63904b51F688513043242a0BE,0x4d8be07e,"setRateProviderData(address,bool,address)"
0xf8553c8552f906C19286F21711721E206EE4909E,8,0xA76E0F54918E39A63904b51F688513043242a0BE,0x6a054dc9,updateDelay(uint24)
0xf8553c8552f906C19286F21711721E206EE4909E,8,0xA76E0F54918E39A63904b51F688513043242a0BE,0xf2fde38b,transferOwnership(address)
0xf8553c8552f906C19286F21711721E206EE4909E,8,0xA76E0F54918E39A63904b51F688513043242a0BE,0x709ac1c3,updatePerformanceFee(uint16)
0xf8553c8552f906C19286F21711721E206EE4909E,8,0xA76E0F54918E39A63904b51F688513043242a0BE,0x56200819,updatePayoutAddress(address)
0xf8553c8552f906C19286F21711721E206EE4909E,8,0xA76E0F54918E39A63904b51F688513043242a0BE,0x7a9e5e4b,setAuthority(address)
0xf8553c8552f906C19286F21711721E206EE4909E,8,0xA76E0F54918E39A63904b51F688513043242a0BE,0x207ec0e7,updateLower(uint16)
0xf8553c8552f906C19286F21711721E206EE4909E,8,0xA76E0F54918E39A63904b51F688513043242a0BE,0x634da58f,updateUpper(uint16)
0xf8553c8552f906C19286F21711721E206EE4909E,8,0xA76E0F54918E39A63904b51F688513043242a0BE,0x3038a60d,setYieldDistributor(address)
0xf8553c8552f906C19286F21711721E206EE4909E,8,0xd3DCe716f3eF535C5Ff8d041c1A41C3bd89b97aE,0x8929565f,setBeforeTransferHook(address)
0xf8553c8552f906C19286F21711721E206EE4909E,8,0x76fda7A02B616070D3eC5902Fa3C5683AC3cB8B6,0x7a9e5e4b,setAuthority(address)
0xf8553c8552f906C19286F21711721E206EE4909E,8,0x76fda7A02B616070D3eC5902Fa3C5683AC3cB8B6,0x21801a99,"setManageRoot(address,bytes32)"
0xf8553c8552f906C19286F21711721E206EE4909E,8,0x76fda7A02B616070D3eC5902Fa3C5683AC3cB8B6,0xf2fde38b,transferOwnership(address)
0xf8553c8552f906C19286F21711721E206EE4909E,8,0xd3DCe716f3eF535C5Ff8d041c1A41C3bd89b97aE,0x7a9e5e4b,setAuthority(address)
0xf8553c8552f906C19286F21711721E206EE4909E,8,0xd3DCe716f3eF535C5Ff8d041c1A41C3bd89b97aE,0xf2fde38b,transferOwnership(address)
0xf8553c8552f906C19286F21711721E206EE4909E,9,0x3754480db8b3E607fbE125697EB496a44A1Be720,0xeed4b3f8,"updateWithdrawAsset(address,uint24,uint24,uint16,uint16,uint96)"
0xf8553c8552f906C19286F21711721E206EE4909E,9,0x3754480db8b3E607fbE125697EB496a44A1Be720,0x74732728,stopWithdrawsInAsset(address)
0xf8553c8552f906C19286F21711721E206EE4909E,9,0x358CFACf00d0B4634849821BB3d1965b472c776a,0x55a2d64d,removeChain(uint32)
0xf8553c8552f906C19286F21711721E206EE4909E,9,0x358CFACf00d0B4634849821BB3d1965b472c776a,0xd555f368,stopMessagesFromChain(uint32)
0xf8553c8552f906C19286F21711721E206EE4909E,9,0x358CFACf00d0B4634849821BB3d1965b472c776a,0x45ad6063,stopMessagesToChain(uint32)
0xf8553c8552f906C19286F21711721E206EE4909E,7,0x76fda7A02B616070D3eC5902Fa3C5683AC3cB8B6,0x244b0f6a,"manageVaultWithMerkleVerification(bytes32[][],address[],address[],bytes[],uint256[])"
0x0000000000000000000000000000000000000000,17,0x7B49E2ceed55B33C382741eCdfe585878843c1f1,0x8a2ddd00,unpauseAll()
0x0000000000000000000000000000000000000000,16,0x7B49E2ceed55B33C382741eCdfe585878843c1f1,0x595c6a60,pauseAll()
0x0000000000000000000000000000000000000000,15,0x7B49E2ceed55B33C382741eCdfe585878843c1f1,0x2a578b90,unpauseMultiple(address[])
0x0000000000000000000000000000000000000000,15,0x7B49E2ceed55B33C382741eCdfe585878843c1f1,0x4ed1a7e0,unpauseSingle(address)
0x0000000000000000000000000000000000000000,14,0x7B49E2ceed55B33C382741eCdfe585878843c1f1,0x1414a730,pauseMultiple(address[])
0x0000000000000000000000000000000000000000,14,0x7B49E2ceed55B33C382741eCdfe585878843c1f1,0x6fa02010,pauseSingle(address)
0xD23086C4e450cAAF55704EbC03875A04B4716CA2,33,0xE41A255A37C7d5d30a2A20D58f4ecE149b346a61,0xff011b60,Unknown (0xff011b6200000000000000000000000000000000000000000000000000000000)
0xD23086C4e450cAAF55704EbC03875A04B4716CA2,33,0xE41A255A37C7d5d30a2A20D58f4ecE149b346a61,0xb7532db0,Unknown (0xb7532db200000000000000000000000000000000000000000000000000000000)
0xD23086C4e450cAAF55704EbC03875A04B4716CA2,33,0x3754480db8b3E607fbE125697EB496a44A1Be720,0x412638d0,Unknown (0x412638dc00000000000000000000000000000000000000000000000000000000)
0x7Ad69d482b56062b6e76D6e645FC5bFCB97C93b5,16,0x7B49E2ceed55B33C382741eCdfe585878843c1f1,0x595c6a60,pauseAll()
0x7Ad69d482b56062b6e76D6e645FC5bFCB97C93b5,14,0x7B49E2ceed55B33C382741eCdfe585878843c1f1,0x1414a730,pauseMultiple(address[])
0x7Ad69d482b56062b6e76D6e645FC5bFCB97C93b5,14,0x7B49E2ceed55B33C382741eCdfe585878843c1f1,0x6fa02010,pauseSingle(address)
0x8D3e2ede20B3Bbe781C88Bdaf472E1e265f38Db8,16,0x7B49E2ceed55B33C382741eCdfe585878843c1f1,0x595c6a60,pauseAll()
0x8D3e2ede20B3Bbe781C88Bdaf472E1e265f38Db8,14,0x7B49E2ceed55B33C382741eCdfe585878843c1f1,0x1414a730,pauseMultiple(address[])
0x8D3e2ede20B3Bbe781C88Bdaf472E1e265f38Db8,14,0x7B49E2ceed55B33C382741eCdfe585878843c1f1,0x6fa02010,pauseSingle(address)
0xB77d74f032CfE55190325474E061052685CEccc0,17,0x7B49E2ceed55B33C382741eCdfe585878843c1f1,0x8a2ddd00,unpauseAll()
0xB77d74f032CfE55190325474E061052685CEccc0,15,0x7B49E2ceed55B33C382741eCdfe585878843c1f1,0x2a578b90,unpauseMultiple(address[])
0xB77d74f032CfE55190325474E061052685CEccc0,15,0x7B49E2ceed55B33C382741eCdfe585878843c1f1,0x4ed1a7e0,unpauseSingle(address)
0x7Ad69d482b56062b6e76D6e645FC5bFCB97C93b5,11,0xA76E0F54918E39A63904b51F688513043242a0BE,0x34581130,updateExchangeRate(uint96)
0x7Ad69d482b56062b6e76D6e645FC5bFCB97C93b5,10,0x3754480db8b3E607fbE125697EB496a44A1Be720,0x74732720,stopWithdrawsInAsset(address)
0x7Ad69d482b56062b6e76D6e645FC5bFCB97C93b5,10,0x3754480db8b3E607fbE125697EB496a44A1Be720,0x9fff7e20,Unknown (0x9fff7e2a00000000000000000000000000000000000000000000000000000000)
0x7Ad69d482b56062b6e76D6e645FC5bFCB97C93b5,10,0x358CFACf00d0B4634849821BB3d1965b472c776a,0x8dfd8ba0,"updateAssetData(address,bool,bool,uint16)"
0x7Ad69d482b56062b6e76D6e645FC5bFCB97C93b5,10,0x358CFACf00d0B4634849821BB3d1965b472c776a,0x46b563f0,"refundDeposit(uint256,address,address,uint256,uint256,uint256,uint256)"
0x7Ad69d482b56062b6e76D6e645FC5bFCB97C93b5,7,0x76fda7A02B616070D3eC5902Fa3C5683AC3cB8B6,0x244b0f6a,"manageVaultWithMerkleVerification(bytes32[][],address[],address[],bytes[],uint256[])"
0x8D3e2ede20B3Bbe781C88Bdaf472E1e265f38Db8,11,0xA76E0F54918E39A63904b51F688513043242a0BE,0x34581130,updateExchangeRate(uint96)
0x8D3e2ede20B3Bbe781C88Bdaf472E1e265f38Db8,10,0x3754480db8b3E607fbE125697EB496a44A1Be720,0x74732720,stopWithdrawsInAsset(address)
0x8D3e2ede20B3Bbe781C88Bdaf472E1e265f38Db8,10,0x3754480db8b3E607fbE125697EB496a44A1Be720,0x9fff7e20,Unknown (0x9fff7e2a00000000000000000000000000000000000000000000000000000000)
0x8D3e2ede20B3Bbe781C88Bdaf472E1e265f38Db8,10,0x358CFACf00d0B4634849821BB3d1965b472c776a,0x8dfd8ba0,"updateAssetData(address,bool,bool,uint16)"
0x8D3e2ede20B3Bbe781C88Bdaf472E1e265f38Db8,10,0x358CFACf00d0B4634849821BB3d1965b472c776a,0x46b563f0,"refundDeposit(uint256,address,address,uint256,uint256,uint256,uint256)"
0x8D3e2ede20B3Bbe781C88Bdaf472E1e265f38Db8,7,0x76fda7A02B616070D3eC5902Fa3C5683AC3cB8B6,0x244b0f6a,"manageVaultWithMerkleVerification(bytes32[][],address[],address[],bytes[],uint256[])"
0xB77d74f032CfE55190325474E061052685CEccc0,9,0x3754480db8b3E607fbE125697EB496a44A1Be720,0xeed4b3f8,"updateWithdrawAsset(address,uint24,uint24,uint16,uint16,uint96)"
0xB77d74f032CfE55190325474E061052685CEccc0,9,0x3754480db8b3E607fbE125697EB496a44A1Be720,0x74732728,stopWithdrawsInAsset(address)
0xB77d74f032CfE55190325474E061052685CEccc0,9,0x358CFACf00d0B4634849821BB3d1965b472c776a,0x55a2d64d,removeChain(uint32)
0xB77d74f032CfE55190325474E061052685CEccc0,9,0x358CFACf00d0B4634849821BB3d1965b472c776a,0xd555f368,stopMessagesFromChain(uint32)
0xB77d74f032CfE55190325474E061052685CEccc0,9,0x358CFACf00d0B4634849821BB3d1965b472c776a,0x45ad6063,stopMessagesToChain(uint32)
0xB77d74f032CfE55190325474E061052685CEccc0,8,0x358CFACf00d0B4634849821BB3d1965b472c776a,0xca5eb5e1,setDelegate(address)
0xB77d74f032CfE55190325474E061052685CEccc0,8,0xE41A255A37C7d5d30a2A20D58f4ecE149b346a61,0xf2fde38b,transferOwnership(address)
0xB77d74f032CfE55190325474E061052685CEccc0,8,0xE41A255A37C7d5d30a2A20D58f4ecE149b346a61,0x7a9e5e4b,setAuthority(address)
0xB77d74f032CfE55190325474E061052685CEccc0,8,0x3754480db8b3E607fbE125697EB496a44A1Be720,0x7a9e5e4b,setAuthority(address)
0xB77d74f032CfE55190325474E061052685CEccc0,8,0x3754480db8b3E607fbE125697EB496a44A1Be720,0xf2fde38b,transferOwnership(address)
0xB77d74f032CfE55190325474E061052685CEccc0,8,0x3754480db8b3E607fbE125697EB496a44A1Be720,0x0bf6cab7,rescueTokens (0x0bf6cab7)
0xB77d74f032CfE55190325474E061052685CEccc0,8,0x358CFACf00d0B4634849821BB3d1965b472c776a,0x1568fc58,"setChainGasLimit(uint32,uint128)"
0xB77d74f032CfE55190325474E061052685CEccc0,8,0x358CFACf00d0B4634849821BB3d1965b472c776a,0x202eac57,"allowMessagesFromChain(uint32,address)"
0xB77d74f032CfE55190325474E061052685CEccc0,8,0x358CFACf00d0B4634849821BB3d1965b472c776a,0x34dafd6b,"addChain(uint32,bool,bool,address,uint128)"
0xB77d74f032CfE55190325474E061052685CEccc0,8,0x358CFACf00d0B4634849821BB3d1965b472c776a,0xb5ba6182,"allowMessagesToChain(uint32,address,uint128)"
0xB77d74f032CfE55190325474E061052685CEccc0,8,0x358CFACf00d0B4634849821BB3d1965b472c776a,0x7a9e5e4b,setAuthority(address)
0xB77d74f032CfE55190325474E061052685CEccc0,8,0x358CFACf00d0B4634849821BB3d1965b472c776a,0xf2fde38b,transferOwnership(address)
0xB77d74f032CfE55190325474E061052685CEccc0,8,0x358CFACf00d0B4634849821BB3d1965b472c776a,0x12056e2d,setShareLockPeriod(uint64)
0xB77d74f032CfE55190325474E061052685CEccc0,8,0x358CFACf00d0B4634849821BB3d1965b472c776a,0x8dfd8ba1,"updateAssetData(address,bool,bool,uint16)"
0xB77d74f032CfE55190325474E061052685CEccc0,8,0xA76E0F54918E39A63904b51F688513043242a0BE,0xafb06952,updatePlatformFee(uint16)
0xB77d74f032CfE55190325474E061052685CEccc0,8,0xA76E0F54918E39A63904b51F688513043242a0BE,0x4d8be07e,"setRateProviderData(address,bool,address)"
0xB77d74f032CfE55190325474E061052685CEccc0,8,0xA76E0F54918E39A63904b51F688513043242a0BE,0x6a054dc9,updateDelay(uint24)
0xB77d74f032CfE55190325474E061052685CEccc0,8,0xA76E0F54918E39A63904b51F688513043242a0BE,0xf2fde38b,transferOwnership(address)
0xB77d74f032CfE55190325474E061052685CEccc0,8,0xA76E0F54918E39A63904b51F688513043242a0BE,0x709ac1c3,updatePerformanceFee(uint16)
0xB77d74f032CfE55190325474E061052685CEccc0,8,0xA76E0F54918E39A63904b51F688513043242a0BE,0x56200819,updatePayoutAddress(address)
0xB77d74f032CfE55190325474E061052685CEccc0,8,0xA76E0F54918E39A63904b51F688513043242a0BE,0x7a9e5e4b,setAuthority(address)
0xB77d74f032CfE55190325474E061052685CEccc0,8,0xA76E0F54918E39A63904b51F688513043242a0BE,0x207ec0e7,updateLower(uint16)
0xB77d74f032CfE55190325474E061052685CEccc0,8,0xA76E0F54918E39A63904b51F688513043242a0BE,0x634da58f,updateUpper(uint16)
0xB77d74f032CfE55190325474E061052685CEccc0,8,0xA76E0F54918E39A63904b51F688513043242a0BE,0x3038a60d,setYieldDistributor(address)
0xB77d74f032CfE55190325474E061052685CEccc0,8,0xd3DCe716f3eF535C5Ff8d041c1A41C3bd89b97aE,0x8929565f,setBeforeTransferHook(address)
0xB77d74f032CfE55190325474E061052685CEccc0,8,0x76fda7A02B616070D3eC5902Fa3C5683AC3cB8B6,0x7a9e5e4b,setAuthority(address)
0xB77d74f032CfE55190325474E061052685CEccc0,8,0x76fda7A02B616070D3eC5902Fa3C5683AC3cB8B6,0x21801a99,"setManageRoot(address,bytes32)"
0xB77d74f032CfE55190325474E061052685CEccc0,8,0x76fda7A02B616070D3eC5902Fa3C5683AC3cB8B6,0xf2fde38b,transferOwnership(address)
0xB77d74f032CfE55190325474E061052685CEccc0,8,0xd3DCe716f3eF535C5Ff8d041c1A41C3bd89b97aE,0x7a9e5e4b,setAuthority(address)
0xB77d74f032CfE55190325474E061052685CEccc0,8,0xd3DCe716f3eF535C5Ff8d041c1A41C3bd89b97aE,0xf2fde38b,transferOwnership(address)
0xB77d74f032CfE55190325474E061052685CEccc0,5,0x3754480db8b3E607fbE125697EB496a44A1Be720,0x3f4ba83a,unpause()
0xB77d74f032CfE55190325474E061052685CEccc0,5,0x3754480db8b3E607fbE125697EB496a44A1Be720,0x8456cb59,pause()
0xB77d74f032CfE55190325474E061052685CEccc0,5,0x358CFACf00d0B4634849821BB3d1965b472c776a,0x8456cb59,pause()
0xB77d74f032CfE55190325474E061052685CEccc0,5,0x358CFACf00d0B4634849821BB3d1965b472c776a,0x3f4ba83a,unpause()
0xB77d74f032CfE55190325474E061052685CEccc0,5,0xA76E0F54918E39A63904b51F688513043242a0BE,0x3f4ba83a,unpause()
0xB77d74f032CfE55190325474E061052685CEccc0,5,0xA76E0F54918E39A63904b51F688513043242a0BE,0x8456cb59,pause()
0xB77d74f032CfE55190325474E061052685CEccc0,5,0x76fda7A02B616070D3eC5902Fa3C5683AC3cB8B6,0x3f4ba83a,unpause()
0xB77d74f032CfE55190325474E061052685CEccc0,5,0x76fda7A02B616070D3eC5902Fa3C5683AC3cB8B6,0x8456cb59,pause()
0x3754480db8b3E607fbE125697EB496a44A1Be720,32,0xE41A255A37C7d5d30a2A20D58f4ecE149b346a61,0x67aa0410,"boringSolve(address,address,address,uint256,uint256,bytes)"
0xf8553c8552f906C19286F21711721E206EE4909E,33,0xE41A255A37C7d5d30a2A20D58f4ecE149b346a61,0xff011b60,boringRedeemMintSolve (0xff011b62)
0xf8553c8552f906C19286F21711721E206EE4909E,33,0xE41A255A37C7d5d30a2A20D58f4ecE149b346a61,0xb7532db0,boringRedeemSolve (0xb7532db2)
0xf8553c8552f906C19286F21711721E206EE4909E,33,0x3754480db8b3E607fbE125697EB496a44A1Be720,0x412638d0,solveOnChainWithdraws (0x412638dc)
0x7B49E2ceed55B33C382741eCdfe585878843c1f1,5,0x3754480db8b3E607fbE125697EB496a44A1Be720,0x3f4ba83a,unpause()
0x7B49E2ceed55B33C382741eCdfe585878843c1f1,5,0x3754480db8b3E607fbE125697EB496a44A1Be720,0x8456cb59,pause()
0x7B49E2ceed55B33C382741eCdfe585878843c1f1,5,0x358CFACf00d0B4634849821BB3d1965b472c776a,0x8456cb59,pause()
0x7B49E2ceed55B33C382741eCdfe585878843c1f1,5,0x358CFACf00d0B4634849821BB3d1965b472c776a,0x3f4ba83a,unpause()
0x7B49E2ceed55B33C382741eCdfe585878843c1f1,5,0xA76E0F54918E39A63904b51F688513043242a0BE,0x3f4ba83a,unpause()
0x7B49E2ceed55B33C382741eCdfe585878843c1f1,5,0xA76E0F54918E39A63904b51F688513043242a0BE,0x8456cb59,pause()
0x7B49E2ceed55B33C382741eCdfe585878843c1f1,5,0x76fda7A02B616070D3eC5902Fa3C5683AC3cB8B6,0x3f4ba83a,unpause()
0x7B49E2ceed55B33C382741eCdfe585878843c1f1,5,0x76fda7A02B616070D3eC5902Fa3C5683AC3cB8B6,0x8456cb59,pause()
0x76fda7A02B616070D3eC5902Fa3C5683AC3cB8B6,4,0x76fda7A02B616070D3eC5902Fa3C5683AC3cB8B6,0x244b0f6a,"manageVaultWithMerkleVerification(bytes32[][],address[],address[],bytes[],uint256[])"
0xE41A255A37C7d5d30a2A20D58f4ecE149b346a61,31,0x3754480db8b3E607fbE125697EB496a44A1Be720,0x412638d0,solveOnChainWithdraws (0x412638dc)
0x358CFACf00d0B4634849821BB3d1965b472c776a,3,0xd3DCe716f3eF535C5Ff8d041c1A41C3bd89b97aE,0x18457e61,"exit(address,address,uint256,address,uint256)"
0xE41A255A37C7d5d30a2A20D58f4ecE149b346a61,12,0x358CFACf00d0B4634849821BB3d1965b472c776a,0x3e64ce90,"bulkWithdraw(address,uint256,uint256,address)"
0xE41A255A37C7d5d30a2A20D58f4ecE149b346a61,12,0x358CFACf00d0B4634849821BB3d1965b472c776a,0x9d574420,"bulkDeposit(address,uint256,uint256,address)"
0x358CFACf00d0B4634849821BB3d1965b472c776a,2,0xd3DCe716f3eF535C5Ff8d041c1A41C3bd89b97aE,0x39d6ba32,"enter(address,address,uint256,address,uint256)"
0xf8553c8552f906C19286F21711721E206EE4909E,8,0x358CFACf00d0B4634849821BB3d1965b472c776a,0xca5eb5e1,setDelegate(address)
0xf8553c8552f906C19286F21711721E206EE4909E,8,0xE41A255A37C7d5d30a2A20D58f4ecE149b346a61,0xf2fde38b,transferOwnership(address)
0xf8553c8552f906C19286F21711721E206EE4909E,8,0xE41A255A37C7d5d30a2A20D58f4ecE149b346a61,0x7a9e5e4b,setAuthority(address)
0xf8553c8552f906C19286F21711721E206EE4909E,8,0x3754480db8b3E607fbE125697EB496a44A1Be720,0x7a9e5e4b,setAuthority(address)
0xf8553c8552f906C19286F21711721E206EE4909E,8,0x3754480db8b3E607fbE125697EB496a44A1Be720,0xf2fde38b,transferOwnership(address)
0xf8553c8552f906C19286F21711721E206EE4909E,8,0x3754480db8b3E607fbE125697EB496a44A1Be720,0x0bf6cab7,rescueTokens (0x0bf6cab7)
0xf8553c8552f906C19286F21711721E206EE4909E,8,0x358CFACf00d0B4634849821BB3d1965b472c776a,0x1568fc58,"setChainGasLimit(uint32,uint128)"
0xf8553c8552f906C19286F21711721E206EE4909E,8,0x358CFACf00d0B4634849821BB3d1965b472c776a,0x202eac57,"allowMessagesFromChain(uint32,address)"
0xf8553c8552f906C19286F21711721E206EE4909E,8,0x358CFACf00d0B4634849821BB3d1965b472c776a,0x34dafd6b,"addChain(uint32,bool,bool,address,uint128)"
0xf8553c8552f906C19286F21711721E206EE4909E,8,0x358CFACf00d0B4634849821BB3d1965b472c776a,0xb5ba6182,"allowMessagesToChain(uint32,address,uint128)"
0xf8553c8552f906C19286F21711721E206EE4909E,8,0x358CFACf00d0B4634849821BB3d1965b472c776a,0x7a9e5e4b,setAuthority(address)
0xf8553c8552f906C19286F21711721E206EE4909E,8,0x358CFACf00d0B4634849821BB3d1965b472c776a,0xf2fde38b,transferOwnership(address)
0xf8553c8552f906C19286F21711721E206EE4909E,8,0x358CFACf00d0B4634849821BB3d1965b472c776a,0x12056e2d,setShareLockPeriod(uint64)
0xf8553c8552f906C19286F21711721E206EE4909E,8,0x358CFACf00d0B4634849821BB3d1965b472c776a,0x8dfd8ba1,"updateAssetData(address,bool,bool,uint16)"
0xf8553c8552f906C19286F21711721E206EE4909E,8,0xA76E0F54918E39A63904b51F688513043242a0BE,0xafb06952,updatePlatformFee(uint16)
0xf8553c8552f906C19286F21711721E206EE4909E,8,0xA76E0F54918E39A63904b51F688513043242a0BE,0x4d8be07e,"setRateProviderData(address,bool,address)"
0xf8553c8552f906C19286F21711721E206EE4909E,8,0xA76E0F54918E39A63904b51F688513043242a0BE,0x6a054dc9,updateDelay(uint24)
0xf8553c8552f906C19286F21711721E206EE4909E,8,0xA76E0F54918E39A63904b51F688513043242a0BE,0xf2fde38b,transferOwnership(address)
0xf8553c8552f906C19286F21711721E206EE4909E,8,0xA76E0F54918E39A63904b51F688513043242a0BE,0x709ac1c3,updatePerformanceFee(uint16)
0xf8553c8552f906C19286F21711721E206EE4909E,8,0xA76E0F54918E39A63904b51F688513043242a0BE,0x56200819,updatePayoutAddress(address)
0xf8553c8552f906C19286F21711721E206EE4909E,8,0xA76E0F54918E39A63904b51F688513043242a0BE,0x7a9e5e4b,setAuthority(address)
0xf8553c8552f906C19286F21711721E206EE4909E,8,0xA76E0F54918E39A63904b51F688513043242a0BE,0x207ec0e7,updateLower(uint16)
0xf8553c8552f906C19286F21711721E206EE4909E,8,0xA76E0F54918E39A63904b51F688513043242a0BE,0x634da58f,updateUpper(uint16)
0xf8553c8552f906C19286F21711721E206EE4909E,8,0xA76E0F54918E39A63904b51F688513043242a0BE,0x3038a60d,setYieldDistributor(address)
0xf8553c8552f906C19286F21711721E206EE4909E,8,0xd3DCe716f3eF535C5Ff8d041c1A41C3bd89b97aE,0x8929565f,setBeforeTransferHook(address)
0xf8553c8552f906C19286F21711721E206EE4909E,8,0x76fda7A02B616070D3eC5902Fa3C5683AC3cB8B6,0x7a9e5e4b,setAuthority(address)
0xf8553c8552f906C19286F21711721E206EE4909E,8,0x76fda7A02B616070D3eC5902Fa3C5683AC3cB8B6,0x21801a99,"setManageRoot(address,bytes32)"
0xf8553c8552f906C19286F21711721E206EE4909E,8,0x76fda7A02B616070D3eC5902Fa3C5683AC3cB8B6,0xf2fde38b,transferOwnership(address)
0xf8553c8552f906C19286F21711721E206EE4909E,8,0xd3DCe716f3eF535C5Ff8d041c1A41C3bd89b97aE,0x7a9e5e4b,setAuthority(address)
0xf8553c8552f906C19286F21711721E206EE4909E,8,0xd3DCe716f3eF535C5Ff8d041c1A41C3bd89b97aE,0xf2fde38b,transferOwnership(address)
0xf8553c8552f906C19286F21711721E206EE4909E,7,0x76fda7A02B616070D3eC5902Fa3C5683AC3cB8B6,0x244b0f6a,"manageVaultWithMerkleVerification(bytes32[][],address[],address[],bytes[],uint256[])"
0x76fda7A02B616070D3eC5902Fa3C5683AC3cB8B6,1,0xd3DCe716f3eF535C5Ff8d041c1A41C3bd89b97aE,0x224d8703,"manage(address[],bytes[],uint256[])"
0x76fda7A02B616070D3eC5902Fa3C5683AC3cB8B6,1,0xd3DCe716f3eF535C5Ff8d041c1A41C3bd89b97aE,0xf6e715d0,"manage(address,bytes,uint256)"
0x0000000000000000000000000000000000000000,16,0x7B49E2ceed55B33C382741eCdfe585878843c1f1,0x595c6a67,pauseAll()
0x0000000000000000000000000000000000000000,14,0x7B49E2ceed55B33C382741eCdfe585878843c1f1,0x1414a737,pauseMultiple(address[])
0x0000000000000000000000000000000000000000,14,0x7B49E2ceed55B33C382741eCdfe585878843c1f1,0x6fa02012,pauseSingle(address)
0x0000000000000000000000000000000000000000,17,0x7B49E2ceed55B33C382741eCdfe585878843c1f1,0x8a2ddd03,unpauseAll()
0x0000000000000000000000000000000000000000,15,0x7B49E2ceed55B33C382741eCdfe585878843c1f1,0x2a578b95,unpauseMultiple(address[])
0x0000000000000000000000000000000000000000,15,0x7B49E2ceed55B33C382741eCdfe585878843c1f1,0x4ed1a7ed,unpauseSingle(address)
